<additional>
 <laneAreaDetector id="1" lanes="-44796145#1_0"  friendlyPos="x" freq="900" file="det.out"/>
 <laneAreaDetector id="2" lanes="-44796145#1_1"  friendlyPos="x" freq="900" file="det.out"/>
 <laneAreaDetector id="3" lanes="-561747097_0"  friendlyPos="x" freq="900" file="det.out"/>
 <laneAreaDetector id="3_1" lanes="-266449022#0_0"  friendlyPos="x" freq="900" file="det.out"/>
 <laneAreaDetector id="4" lanes="-45865767#1_0"  friendlyPos="x" freq="900" file="det.out"/>
 <laneAreaDetector id="5" lanes="-39630219#3_0"  friendlyPos="x" freq="900" file="det.out"/>
 <laneAreaDetector id="6" lanes="-39630219#3_1"  friendlyPos="x" freq="900" file="det.out"/>
 <laneAreaDetector id="7" lanes="266324437_1"  friendlyPos="x" freq="900" file="det.out"/>
 <laneAreaDetector id="8" lanes="266324437_0"  friendlyPos="x" freq="900" file="det.out"/>
 <laneAreaDetector id="9" lanes="26222402#0_2"  friendlyPos="x" freq="900" file="det.out"/>
 <laneAreaDetector id="10" lanes="26222402#0_1"  friendlyPos="x" freq="900" file="det.out"/>
 <laneAreaDetector id="11" lanes="26222402#0_0"  friendlyPos="x" freq="900" file="det.out"/>
 <laneAreaDetector id="12" lanes="26222402#1_2"  friendlyPos="x" freq="900" file="det.out"/>
 <laneAreaDetector id="13" lanes="26222402#1_1"  friendlyPos="x" freq="900" file="det.out"/>
 <laneAreaDetector id="14" lanes="26222402#1_0"  friendlyPos="x" freq="900" file="det.out"/>
</additional>
