<?xml version="1.0" encoding="UTF-8"?>

<!-- generated on 2021-08-15 17:20:51 by Eclipse SUMO netedit Version 1.9.2
<configuration xmlns:xsi="http://www.w3.org/2001/XMLSchema-instance" xsi:noNamespaceSchemaLocation="http://sumo.dlr.de/xsd/netconvertConfiguration.xsd">

    <input>
        <sumo-net-file value="C:\HIS_Masters\UrbanTraffic\SUMO_Testmaps\Simulation_Sachsenhausen\Sachsenhausen\Sachsenhausen.net.xml"/>
    </input>

    <output>
        <output-file value="C:\HIS_Masters\UrbanTraffic\SUMO_Testmaps\Simulation_Sachsenhausen\Sachsenhausen\Sachsenhausen.net.xml"/>
    </output>

    <processing>
        <geometry.min-radius.fix.railways value="false"/>
        <geometry.max-grade.fix value="false"/>
        <offset.disable-normalization value="true"/>
        <lefthand value="false"/>
    </processing>

    <junctions>
        <no-turnarounds value="true"/>
        <junctions.corner-detail value="5"/>
        <junctions.limit-turn-speed value="5.5"/>
        <rectangular-lane-cut value="false"/>
    </junctions>

    <pedestrian>
        <walkingareas value="false"/>
    </pedestrian>

    <report>
        <aggregate-warnings value="5"/>
    </report>

</configuration>
-->

<additional>
    <edgeData id="1" file="edge_countout.xml"/>
</additional>
